,log_E,Freq
0,31.195618739436764,-1.32394803856498
1,30.991413779991984,-1.0229180429009987
2,30.912562106698573,-0.8468267838453175
3,30.52421735824914,-0.7218880472370176
